Loss,Accuracy
0.511357672,75.19049585
0.402010154,81.44776848
0.366740829,83.78626928
0.344136579,84.98179498
0.327985738,85.82823468
0.31222997,86.78915957
0.295785618,87.51360685
0.293206546,87.5868023
0.275240836,88.42948838
0.259352288,89.15393566
0.249041515,89.61187643
0.239470139,90.16178071
0.232481575,90.37761345
0.223978311,90.74734432
0.212769659,91.31038625
0.202469765,91.66697947
0.190382897,92.2600503
0.186243222,92.38579633
0.176425721,92.83435306
0.170322982,93.20220712
